white,black,asian,other,hs,assoc,bach,post-bach,age,income,owner occ,renter occ,vacancy,year built,house value
4.5,94.15,0.18,0.18,17.06,5.23,4.74,0.99,28.4,28300.0,37.58,62.42,14.87,1969.0,67800.0
9.56,88.73,0.0,0.94,13.66,0.0,8.45,2.22,31.7,32810.0,42.49,57.51,20.18,1966.0,58300.0
4.91,94.16,0.39,0.0,36.68,0.0,1.4,0.0,24.4,30641.0,53.13,46.87,4.31,1960.0,103300.0
4.08,94.26,0.0,0.44,25.06,0.0,9.93,3.64,39.7,30875.0,50.68,49.32,12.01,1970.0,104700.0
4.64,93.6,0.0,0.09,7.7,1.67,0.0,1.3,23.8,21392.0,18.64,81.36,0.0,1972.0,59300.0
5.66,92.39,0.19,0.65,14.94,3.15,12.8,0.0,28.3,36833.0,60.85,39.15,5.1,1959.0,79800.0
7.79,89.29,0.08,0.16,17.84,8.84,2.6,1.05,32.3,36994.0,58.34,41.66,4.17,1967.0,76100.0
5.24,93.43,0.06,0.28,28.02,0.0,1.67,0.89,30.8,32500.0,70.81,29.19,13.87,1955.0,73800.0
8.54,89.85,0.31,0.08,25.85,5.46,4.69,0.85,30.4,27903.0,56.64,43.36,3.96,1964.0,68800.0
4.49,94.89,0.0,0.0,34.83,4.09,1.43,0.0,30.0,42909.0,61.99,38.01,10.99,1964.0,82900.0
5.98,92.15,0.25,0.75,14.45,1.25,0.0,0.0,30.7,20508.0,31.68,68.32,14.22,1968.0,64000.0
2.61,96.89,0.0,0.06,14.47,0.81,2.48,0.0,32.5,22241.0,42.78,57.22,19.14,1954.0,75100.0
2.54,94.91,0.71,0.0,19.94,1.93,3.05,0.1,28.6,20398.0,18.24,81.76,5.2,1953.0,53000.0
2.95,96.15,0.13,0.19,19.11,2.89,1.09,0.0,30.8,16250.0,19.83,80.17,13.81,1955.0,69800.0
2.02,96.45,0.32,0.4,13.65,0.73,1.45,1.94,28.7,20769.0,31.59,68.41,5.19,1969.0,68300.0
4.4,94.33,0.0,0.0,29.1,5.52,3.58,2.01,34.2,32121.0,55.12,44.88,16.64,1959.0,74700.0
3.37,95.69,0.0,0.09,16.03,0.94,0.0,1.78,27.2,29271.0,40.52,59.48,24.11,1958.0,79900.0
3.05,95.31,0.0,0.82,7.39,0.82,2.58,0.94,29.3,20188.0,27.59,72.41,8.3,1950.0,63700.0
1.87,96.26,0.0,0.23,25.85,1.64,1.17,0.0,31.3,29073.0,26.55,73.45,0.0,1963.0,69500.0
1.59,97.45,0.0,0.0,27.07,1.27,0.0,0.0,42.8,16611.0,43.72,56.28,10.69,1967.0,62800.0
0.96,98.28,0.0,0.38,34.64,0.0,1.05,4.11,37.2,33958.0,74.9,25.1,0.0,1957.0,78200.0
0.22,97.32,0.11,0.11,35.46,3.24,5.82,1.9,43.3,40324.0,77.21,22.79,17.09,1958.0,82300.0
9.29,83.19,1.85,4.02,27.82,3.49,1.78,1.25,28.7,23984.0,34.03,65.97,11.93,1970.0,97900.0
5.13,93.89,0.66,0.11,25.44,7.86,10.7,1.53,32.1,47750.0,73.13,26.87,8.12,1961.0,87000.0
5.44,88.77,3.44,0.41,16.32,1.38,6.13,0.34,30.9,27500.0,52.47,47.53,4.07,1966.0,83200.0
2.02,97.38,0.0,0.0,17.74,1.42,6.06,7.49,30.4,28200.0,42.51,57.49,11.2,1967.0,98600.0
4.59,94.54,0.12,0.25,22.08,4.47,7.94,0.87,31.1,26172.0,36.38,63.62,12.62,1959.0,47100.0
0.38,98.74,0.13,0.38,16.06,6.45,7.59,0.63,41.2,33269.0,53.51,46.49,18.81,1959.0,85700.0
0.15,98.63,0.0,0.3,42.38,0.0,3.66,7.32,30.1,31250.0,80.45,19.55,13.08,1948.0,86000.0
2.21,96.86,0.0,0.0,17.25,6.12,10.03,3.14,36.0,26774.0,29.17,70.83,20.49,1963.0,77400.0
0.18,98.24,0.0,0.53,18.13,5.63,4.23,12.68,42.4,45000.0,96.77,3.23,0.0,1961.0,84500.0
1.15,97.13,0.0,0.0,27.03,4.2,0.0,0.0,38.8,20362.0,44.47,55.53,19.15,1951.0,56800.0
0.12,98.64,0.0,0.37,12.47,0.0,2.35,4.32,36.1,31806.0,38.41,61.59,7.94,1968.0,45300.0
0.3,98.51,0.0,0.3,30.94,0.0,5.53,2.54,36.8,25521.0,58.93,41.07,0.0,1952.0,49700.0
0.42,98.75,0.0,0.0,38.41,2.51,4.18,0.0,38.9,14953.0,41.89,58.11,16.73,1953.0,31900.0
0.4,97.78,0.4,0.0,25.0,0.0,1.21,0.0,34.2,21813.0,69.93,30.07,17.77,1962.0,60600.0
0.75,97.76,0.09,0.0,31.78,0.0,6.8,2.8,34.0,24609.0,37.71,62.29,11.01,1961.0,34800.0
0.85,98.15,0.14,0.07,16.52,3.21,2.14,0.71,23.7,17982.0,1.59,98.41,12.89,1975.0,
36.14,56.1,5.44,0.81,19.35,2.62,12.15,9.88,49.6,32888.0,36.62,63.38,12.44,1972.0,154400.0
2.22,97.49,0.0,0.1,24.13,2.12,2.41,0.0,32.5,21757.0,60.2,39.8,5.34,1955.0,79300.0
11.45,86.64,0.49,0.36,14.97,4.19,2.85,3.07,25.6,28345.0,42.94,57.06,15.58,1975.0,128700.0
1.89,96.82,0.05,0.7,19.0,1.46,1.94,1.62,26.0,25313.0,8.03,91.97,21.59,1979.0,59200.0
5.35,91.23,0.0,2.57,10.7,1.36,2.92,1.07,24.8,17016.0,0.0,100.0,28.27,1976.0,
8.34,84.0,0.34,4.51,18.13,0.0,1.53,0.77,28.1,15389.0,0.0,100.0,25.33,1976.0,
5.39,92.93,0.22,0.45,18.97,1.23,0.9,2.36,33.3,21057.0,51.85,48.15,20.06,1953.0,57900.0
34.91,61.65,0.49,0.88,18.78,2.65,22.81,10.91,34.7,41349.0,44.57,55.43,0.0,1948.0,163000.0
89.79,6.9,1.46,0.13,0.93,1.33,39.52,27.06,34.9,66607.0,61.73,38.27,0.0,1944.0,308600.0
69.05,25.21,1.29,1.17,10.43,5.74,27.2,11.37,29.7,37917.0,27.72,72.28,8.16,1949.0,96200.0
97.05,1.57,0.5,0.13,8.65,2.01,23.89,29.91,41.2,130234.0,96.5,3.5,5.43,1952.0,309200.0
25.96,71.54,0.38,0.51,21.03,2.31,11.09,9.04,43.8,17863.0,36.54,63.46,8.19,1971.0,96800.0
49.83,47.91,0.9,0.34,13.56,1.13,27.12,4.63,37.6,44595.0,11.57,88.43,36.24,1970.0,228800.0
91.67,5.13,1.65,0.27,14.93,2.84,24.54,10.99,33.6,58047.0,57.52,42.48,5.43,1952.0,192500.0
77.21,20.11,1.12,0.67,12.18,1.79,36.54,10.95,41.7,44479.0,78.75,21.25,14.01,1969.0,136500.0
52.77,36.2,2.23,5.84,8.67,1.93,9.4,8.49,33.9,43226.0,27.99,72.01,8.85,1968.0,147200.0
95.02,2.86,0.64,0.11,5.93,0.95,21.08,20.34,43.9,85233.0,97.13,2.87,10.59,1954.0,252900.0
97.22,1.22,1.04,0.0,9.04,0.0,25.39,38.43,46.5,165329.0,97.47,2.53,3.26,1957.0,331800.0
77.19,16.43,4.38,0.1,4.48,7.67,27.69,11.45,34.0,41625.0,40.84,59.16,12.52,1964.0,201900.0
85.24,9.13,4.54,0.29,17.69,1.9,24.12,14.07,48.1,65326.0,92.84,7.16,0.0,1970.0,221900.0
91.44,4.01,2.83,0.41,16.47,1.77,27.39,16.41,43.3,54797.0,87.58,12.42,7.06,1974.0,219800.0
24.28,72.58,0.0,0.82,20.6,5.32,6.28,1.5,31.4,25208.0,37.99,62.01,30.66,1956.0,82600.0
3.23,95.93,0.28,0.28,26.09,1.68,2.81,3.37,33.4,24153.0,40.04,59.96,25.14,1953.0,55000.0
92.53,5.37,0.26,0.39,3.67,1.18,16.78,28.18,38.8,100938.0,92.16,7.84,11.23,1949.0,198200.0
95.27,2.84,1.22,0.41,2.43,3.38,39.59,45.0,37.2,115306.0,82.45,17.55,10.9,1946.0,285000.0
94.66,2.36,0.24,1.49,4.48,1.1,24.59,18.93,36.8,80417.0,58.43,41.57,0.0,1951.0,266600.0
33.2,51.97,5.71,4.9,5.44,5.92,2.79,4.29,27.7,21118.0,15.89,84.11,33.17,1973.0,175000.0
11.63,84.32,1.73,1.4,21.86,0.0,5.12,6.02,36.4,15586.0,44.63,55.37,12.69,1965.0,214000.0
1.93,97.33,0.0,0.15,24.93,5.93,3.12,3.26,37.6,21143.0,42.36,57.64,13.94,1954.0,62400.0
0.63,99.06,0.0,0.16,24.29,0.0,2.19,3.61,33.6,19496.0,43.07,56.93,17.35,1953.0,60800.0
0.85,95.51,0.64,0.21,36.54,5.98,0.0,2.78,35.7,21563.0,41.31,58.69,17.12,1964.0,75500.0
74.71,14.91,6.15,1.1,3.48,0.0,13.81,10.27,22.0,12500.0,17.01,82.99,21.51,1972.0,144300.0
89.08,6.89,1.49,0.97,6.04,0.71,22.42,19.3,36.6,54107.0,59.95,40.05,16.45,1953.0,279100.0
93.65,2.06,1.8,0.39,2.72,0.96,24.88,20.28,33.6,62172.0,62.43,37.57,12.32,1957.0,299300.0
95.5,1.71,1.24,0.47,6.82,5.27,22.33,17.67,40.1,56023.0,72.14,27.86,10.5,1962.0,230700.0
95.31,1.13,2.44,0.65,6.77,5.05,28.7,25.97,45.4,131462.0,88.82,11.18,3.4,1971.0,363200.0
43.39,50.57,2.96,1.39,13.1,2.58,14.36,11.34,28.5,53060.0,18.49,81.51,23.23,1993.0,194200.0
61.86,35.53,0.62,0.0,17.27,1.99,19.25,7.83,39.1,75688.0,87.64,12.36,11.15,1958.0,281600.0
2.33,95.59,0.0,0.25,22.92,0.0,0.61,2.94,35.4,16101.0,62.2,37.8,12.01,1958.0,79700.0
29.69,12.78,52.16,2.78,0.75,0.5,14.37,21.98,25.6,35169.0,1.4,98.6,25.75,1961.0,
58.63,11.51,24.66,2.53,6.23,1.85,6.1,12.33,22.4,15603.0,7.38,92.62,26.47,1981.0,
81.84,7.77,7.01,0.66,0.66,0.61,1.64,7.26,19.6,16023.0,3.29,96.71,22.47,1969.0,
89.61,6.17,1.67,0.56,0.51,0.83,2.69,1.39,21.0,20132.0,8.82,91.18,33.16,1970.0,172900.0
0.9,97.69,0.26,0.13,15.51,0.0,3.72,3.97,23.8,24306.0,10.2,89.8,13.8,1964.0,177800.0
0.17,98.25,1.05,0.0,19.9,4.01,12.39,8.73,44.1,68889.0,92.76,7.24,0.0,1973.0,106100.0
1.46,96.66,0.09,0.28,5.41,0.0,1.51,0.47,20.3,24138.0,71.78,28.22,18.06,1970.0,77900.0
0.39,97.73,0.0,0.0,19.77,3.36,2.42,2.58,26.1,14142.0,32.75,67.25,9.15,1966.0,68500.0
0.4,99.11,0.0,0.0,20.69,0.0,4.85,0.0,20.4,18924.0,14.41,85.59,17.16,1970.0,89400.0
0.0,99.27,0.0,0.0,13.97,3.27,8.71,23.41,54.4,39375.0,96.08,3.92,18.14,1965.0,108000.0
0.13,98.62,0.0,0.0,38.11,3.77,2.01,1.01,29.1,15000.0,38.66,61.34,0.0,1963.0,79500.0
0.41,98.49,0.0,0.0,17.4,1.1,3.97,1.1,31.4,23355.0,36.83,63.17,27.84,1960.0,92400.0
0.39,99.22,0.0,0.0,16.42,1.27,12.32,2.05,39.8,23828.0,43.9,56.1,15.79,1965.0,69600.0
14.06,85.02,0.27,0.27,10.59,0.52,2.53,0.12,29.5,21964.0,45.23,54.77,15.33,1965.0,80400.0
42.1,54.72,1.18,0.71,27.36,2.48,10.38,4.83,37.8,61920.0,81.56,18.44,0.0,1961.0,124500.0
19.22,78.41,0.17,0.72,15.35,2.04,15.74,6.07,36.7,47045.0,76.71,23.29,10.25,1977.0,144200.0
18.6,79.37,0.76,0.08,7.95,2.28,5.41,1.61,30.8,40172.0,70.56,29.44,11.81,1975.0,112300.0
41.57,56.72,0.18,0.0,28.76,1.89,1.17,0.0,38.8,44858.0,74.31,25.69,2.43,1977.0,107200.0
34.69,62.53,1.1,0.52,24.54,6.55,10.9,9.28,41.6,83750.0,100.0,0.0,2.4,1977.0,155500.0
22.14,74.54,1.01,0.09,16.24,1.94,15.5,7.1,39.5,53083.0,75.04,24.96,8.96,1983.0,130000.0
0.81,97.83,0.0,0.54,24.25,0.0,2.98,15.18,45.0,31536.0,61.25,38.75,5.87,1967.0,98400.0
0.33,98.24,0.11,0.0,23.1,12.32,5.94,6.93,41.5,35268.0,75.11,24.89,21.26,1963.0,75000.0
0.0,98.08,0.19,0.0,10.08,0.0,4.7,2.59,23.8,21964.0,35.51,64.49,21.76,1994.0,80700.0
0.31,98.24,0.23,0.15,17.09,1.07,2.15,0.54,29.4,24476.0,71.53,28.47,16.18,1970.0,70500.0
1.03,98.54,0.0,0.0,29.91,0.0,2.06,0.0,28.7,30469.0,61.94,38.06,20.05,1979.0,79000.0
10.64,86.31,0.34,1.15,17.63,5.97,13.29,7.66,32.1,41705.0,59.43,40.57,4.46,1975.0,105800.0
3.01,95.58,0.25,0.12,13.93,2.58,8.78,4.17,31.7,32109.0,71.47,28.53,18.16,1967.0,88600.0
1.54,97.58,0.0,0.15,14.36,0.0,0.0,3.37,30.5,16711.0,76.55,23.45,23.16,1967.0,94100.0
2.23,96.47,0.0,0.12,26.79,0.0,4.0,1.53,31.8,36369.0,67.53,32.47,12.73,1965.0,69200.0
3.28,95.8,0.31,0.0,25.78,0.0,5.34,0.0,33.5,42321.0,85.92,14.08,19.83,1966.0,104100.0
12.86,83.82,0.07,3.18,23.27,3.54,15.1,8.96,43.6,51442.0,91.84,8.16,0.0,1978.0,132700.0
27.15,48.99,2.74,18.32,18.5,0.48,4.53,1.49,28.1,33651.0,33.23,66.77,13.05,1976.0,99100.0
1.79,96.58,0.08,0.33,13.59,2.28,5.04,2.6,34.3,51250.0,91.52,8.48,16.13,1966.0,89100.0
1.14,98.41,0.11,0.0,35.54,8.2,8.2,9.45,33.5,46563.0,91.39,8.61,0.0,1975.0,99800.0
1.63,96.94,0.0,0.38,22.15,2.34,8.9,4.45,30.9,57419.0,67.94,32.06,6.9,1977.0,96100.0
3.22,95.98,0.1,0.0,10.41,3.72,11.25,2.18,30.3,41138.0,61.48,38.52,4.12,1971.0,105800.0
12.5,85.99,0.75,0.15,23.04,3.31,17.17,5.87,35.1,73669.0,87.19,12.81,7.62,1966.0,125500.0
2.46,96.34,0.21,0.0,14.44,3.17,3.52,3.17,28.8,26607.0,49.8,50.2,13.5,1964.0,99900.0
17.29,78.47,0.0,3.73,13.04,1.97,8.59,6.52,36.9,44107.0,73.48,26.52,5.21,1969.0,105000.0
19.36,71.94,0.71,6.93,15.9,4.97,1.33,2.93,29.4,36830.0,42.54,57.46,16.87,1971.0,102600.0
13.91,75.03,4.32,4.57,12.71,4.45,9.91,2.48,39.1,61667.0,90.59,9.41,0.0,1975.0,152100.0
23.64,71.66,1.28,2.57,21.5,0.0,8.77,3.85,40.8,44839.0,100.0,0.0,0.0,1976.0,144000.0
16.67,80.51,1.79,0.19,35.5,13.94,1.88,7.06,39.1,55938.0,64.6,35.4,0.0,1975.0,140000.0
14.83,80.27,2.24,1.27,27.59,7.69,10.98,1.77,31.5,39063.0,42.01,57.99,9.11,1975.0,134800.0
17.63,78.35,2.94,0.11,38.63,2.61,21.33,12.19,41.2,67011.0,97.68,2.32,0.0,1973.0,154700.0
6.99,90.81,0.86,0.24,18.72,5.03,14.98,1.68,34.6,71216.0,100.0,0.0,0.0,1985.0,148200.0
29.03,67.68,1.39,0.7,23.28,2.66,9.55,6.51,31.3,50167.0,73.11,26.89,1.92,1975.0,102500.0
8.09,89.72,0.61,0.73,15.39,8.64,18.92,8.27,38.5,65486.0,98.84,1.16,0.0,1975.0,146300.0
29.66,62.42,1.82,3.43,28.27,4.39,2.57,3.53,33.8,28214.0,54.26,45.74,12.89,1971.0,137200.0
24.02,61.29,13.25,0.59,22.06,2.28,18.28,5.29,39.5,56944.0,96.93,3.07,0.0,1973.0,156500.0
33.73,50.84,8.65,3.83,20.65,1.08,7.87,1.38,40.0,40658.0,72.89,27.11,19.57,1970.0,138900.0
29.44,54.24,1.52,9.52,17.6,1.12,5.68,0.0,26.6,20455.0,59.27,40.73,31.71,1970.0,94700.0
36.4,48.75,1.98,9.9,14.56,1.22,6.35,1.92,31.1,35672.0,49.6,50.4,10.51,1971.0,99300.0
20.42,63.49,0.87,11.01,16.58,0.0,0.0,0.0,27.0,39440.0,60.38,39.62,36.18,1974.0,112800.0
3.89,92.22,0.0,2.81,14.73,1.38,5.99,0.0,23.9,17324.0,1.51,98.49,7.82,1971.0,
7.64,87.87,3.26,0.56,26.74,0.0,8.76,0.0,25.9,50147.0,38.94,61.06,19.43,1976.0,108800.0
14.36,65.85,8.41,8.93,32.23,2.05,1.59,1.52,30.0,26905.0,49.62,50.38,5.19,1975.0,123500.0
10.86,57.9,22.24,5.33,8.42,3.47,0.0,0.0,26.6,16555.0,17.09,82.91,14.01,1975.0,99600.0
60.31,34.61,1.67,1.57,16.47,7.94,13.71,6.7,36.8,49974.0,73.96,26.04,21.51,1971.0,151800.0
69.38,23.25,0.75,4.75,26.0,4.5,10.25,6.5,39.6,65385.0,72.02,27.98,0.0,1959.0,181500.0
80.65,11.83,5.24,2.15,19.76,4.84,18.01,1.21,46.1,69408.0,100.0,0.0,0.0,1960.0,181400.0
74.54,14.59,6.69,2.1,19.74,3.14,19.1,3.46,40.5,47679.0,96.21,3.79,16.53,1970.0,188000.0
81.34,12.49,4.44,0.45,18.89,3.01,12.72,19.49,46.6,58469.0,95.67,4.33,0.0,1968.0,180600.0
71.6,23.95,2.53,0.48,29.12,1.08,14.2,6.14,48.0,73558.0,81.71,18.29,0.0,1969.0,170900.0
43.18,44.27,8.57,1.56,23.77,6.7,9.12,6.24,31.6,47813.0,41.03,58.97,3.65,1976.0,175900.0
75.63,12.91,9.15,0.77,16.14,1.46,10.45,7.76,47.6,74276.0,93.91,6.09,7.6,1975.0,161500.0
41.98,39.58,16.5,0.46,15.88,0.0,18.13,12.78,38.3,45104.0,74.97,25.03,6.11,1981.0,131300.0
48.49,37.75,11.24,1.51,7.78,4.25,13.04,9.51,38.0,55395.0,93.13,6.87,8.27,1972.0,167500.0
61.09,27.51,7.36,1.28,16.95,1.71,29.74,3.3,45.2,81932.0,82.89,17.11,12.76,1961.0,158700.0
70.75,15.21,11.81,1.16,9.3,1.79,22.9,0.0,44.5,84071.0,87.17,12.83,0.0,1969.0,189500.0
69.5,18.19,9.57,0.67,9.03,3.48,31.84,7.49,47.0,102879.0,83.51,16.49,0.0,1972.0,215300.0
97.98,0.88,0.38,0.38,0.0,8.22,16.94,21.62,45.3,139904.0,100.0,0.0,4.53,1967.0,626800.0
76.65,13.44,7.65,0.81,2.42,0.81,27.48,23.4,31.0,52125.0,40.9,59.1,28.86,2003.0,516000.0
49.29,43.54,2.24,3.4,11.72,3.21,18.77,20.56,43.9,54440.0,82.94,17.06,7.41,1976.0,304400.0
75.93,16.78,4.12,1.44,7.77,0.77,10.83,13.81,36.0,52633.0,22.45,77.55,32.02,1981.0,235900.0
53.31,41.01,2.42,1.21,2.33,2.33,10.34,15.47,26.5,38846.0,5.42,94.58,34.85,1984.0,
82.53,14.89,1.34,0.67,15.12,5.26,17.02,8.51,46.8,41105.0,46.01,53.99,12.07,1967.0,151800.0
90.51,6.23,2.03,0.41,6.78,0.0,32.93,10.16,47.2,67929.0,89.98,10.02,0.0,1978.0,311300.0
79.88,16.75,1.6,0.59,1.6,1.6,25.76,15.15,43.3,45000.0,60.65,39.35,8.46,1982.0,302700.0
73.49,22.09,0.9,1.39,13.34,0.0,18.66,9.25,33.8,42074.0,26.21,73.79,13.75,1976.0,132300.0
75.98,19.7,1.82,0.68,11.44,1.67,30.76,11.82,35.0,60673.0,49.41,50.59,11.24,1979.0,286200.0
91.94,4.03,1.19,1.99,6.81,4.38,31.48,14.67,44.5,96563.0,93.04,6.96,13.01,1972.0,220000.0
72.92,19.67,5.35,0.41,5.51,8.23,15.23,20.25,34.0,73323.0,40.76,59.24,15.84,1984.0,157700.0
73.51,18.96,4.42,1.39,14.6,3.98,11.82,18.65,30.4,43646.0,32.96,67.04,26.42,1988.0,119700.0
84.05,9.52,1.44,2.66,9.08,4.65,5.98,13.95,36.5,46534.0,78.42,21.58,0.0,1979.0,228400.0
85.16,9.61,1.96,0.81,14.67,5.87,26.87,11.1,40.7,50469.0,75.38,24.62,0.0,1977.0,179900.0
69.07,24.45,4.27,0.61,14.29,2.92,18.78,9.57,33.3,51970.0,65.69,34.31,4.18,1999.0,267200.0
77.83,14.86,4.34,0.96,29.32,1.69,32.05,17.59,42.5,58507.0,91.6,8.4,0.0,1987.0,153000.0
18.19,74.26,1.25,4.4,6.74,3.81,7.58,0.53,26.0,19149.0,7.6,92.4,13.33,1981.0,137500.0
41.28,54.15,2.06,1.26,20.11,3.92,13.52,8.5,32.0,35417.0,47.21,52.79,18.35,1990.0,154900.0
72.67,18.49,5.65,1.6,17.81,2.4,18.92,8.48,43.6,62222.0,88.45,11.55,0.0,1977.0,170600.0
71.54,19.57,5.07,2.37,16.47,4.94,23.52,8.89,34.7,86765.0,72.52,27.48,7.83,1981.0,188800.0
76.22,14.47,6.56,0.81,12.5,2.88,24.68,9.6,39.6,105795.0,74.54,25.46,0.0,1990.0,227200.0
78.9,13.13,4.55,1.32,23.66,3.5,25.37,9.17,41.0,70726.0,76.08,23.92,0.0,1990.0,225800.0
65.05,30.01,3.04,0.95,3.73,0.0,27.32,4.42,40.8,61455.0,61.47,38.53,0.0,1981.0,237400.0
86.66,6.73,5.8,0.7,6.96,6.73,12.65,16.01,57.2,55208.0,78.38,21.62,0.0,1979.0,311400.0
56.14,36.8,3.03,1.66,14.24,3.26,21.13,6.53,32.0,41639.0,46.43,53.57,15.0,1990.0,302400.0
59.01,34.71,3.23,1.03,14.75,5.16,13.27,7.31,30.1,47692.0,44.77,55.23,14.92,1976.0,194700.0
64.25,28.58,2.85,1.95,16.86,1.87,16.86,4.48,30.6,45673.0,36.13,63.87,8.95,2001.0,171400.0
80.28,14.28,2.46,0.88,20.25,6.96,20.48,8.19,41.2,86969.0,89.06,10.94,0.0,1986.0,174700.0
82.89,12.75,1.16,1.07,13.81,4.1,17.56,12.39,36.3,86780.0,59.51,40.49,0.0,1994.0,176500.0
63.75,26.72,6.02,1.0,18.98,2.65,16.76,15.26,35.6,51711.0,62.54,37.46,5.01,1992.0,139600.0
40.02,50.92,4.31,1.72,5.79,3.94,11.95,5.97,27.6,28750.0,6.76,93.24,21.73,1986.0,98600.0
56.96,35.78,4.37,1.14,12.69,6.12,18.37,3.41,42.6,42188.0,56.64,43.36,7.69,1983.0,137300.0
70.55,19.22,5.11,3.48,43.76,5.93,12.47,4.91,40.8,70357.0,63.96,36.04,0.0,1972.0,148800.0
33.13,47.1,1.82,13.64,14.22,4.83,10.34,1.77,27.5,53970.0,5.6,94.4,27.8,1982.0,117300.0
41.54,47.46,2.96,5.64,13.14,12.03,11.66,3.7,29.6,31250.0,28.32,71.68,25.73,1989.0,216100.0
58.49,31.56,4.09,3.14,24.13,8.73,12.82,13.91,37.7,34457.0,55.57,44.43,17.5,1983.0,143000.0
54.41,37.97,1.49,1.49,16.44,0.0,23.17,15.84,36.8,59840.0,59.62,40.38,17.59,1970.0,155700.0
2.7,95.45,0.0,0.46,21.84,5.3,9.57,17.47,43.8,66827.0,70.8,29.2,8.81,1973.0,122200.0
49.48,43.61,5.44,0.29,9.56,2.69,16.68,17.9,36.1,74185.0,69.25,30.75,8.67,1995.0,216200.0
77.54,15.67,5.45,0.07,4.33,3.36,38.73,14.18,47.0,88460.0,74.52,25.48,28.79,2002.0,281300.0
80.71,11.35,5.89,0.5,4.57,2.75,29.4,24.01,40.6,83371.0,67.86,32.14,5.99,1994.0,279900.0
62.31,30.82,4.52,0.75,14.63,2.48,26.74,15.74,39.7,81250.0,74.8,25.2,2.45,1985.0,187800.0
89.74,5.1,3.12,1.24,4.86,1.09,19.03,16.01,48.4,102757.0,100.0,0.0,11.02,1981.0,288100.0
88.2,5.5,4.42,0.43,4.13,0.0,29.18,12.74,45.7,164545.0,98.96,1.04,0.0,1997.0,469600.0
66.54,21.26,7.06,3.11,11.92,2.18,23.87,7.9,32.0,70655.0,54.27,45.73,14.77,2004.0,398800.0
23.54,68.97,2.11,2.69,19.19,1.97,11.08,4.57,27.8,40391.0,52.17,47.83,16.82,1983.0,129900.0
83.99,10.66,3.41,0.72,10.15,6.87,22.87,17.69,41.5,93869.0,93.17,6.83,4.07,1987.0,219700.0
76.64,17.98,2.14,1.17,13.5,6.23,18.56,9.21,37.4,58608.0,83.24,16.76,0.0,1976.0,137500.0
78.21,12.93,5.94,0.83,7.4,1.88,27.74,20.75,39.5,108558.0,76.32,23.68,18.94,1990.0,309000.0
63.0,26.0,2.4,6.98,29.23,2.14,22.51,3.91,25.7,50347.0,32.65,67.35,6.16,1983.0,144200.0
49.46,44.53,2.56,1.08,9.66,4.24,9.95,3.65,24.5,18654.0,29.33,70.67,29.8,2003.0,142500.0
10.8,79.52,0.06,7.46,18.36,0.0,8.68,1.73,24.9,27500.0,3.96,96.04,33.51,1983.0,
71.4,17.76,6.31,1.07,11.1,1.78,4.8,4.97,22.9,34375.0,0.0,100.0,45.63,1980.0,
50.85,35.19,8.5,2.31,5.7,1.82,12.74,16.14,25.4,16852.0,0.0,100.0,19.87,1975.0,
60.31,27.46,8.98,1.56,9.21,4.52,13.15,3.71,23.6,17578.0,8.56,91.44,10.79,1975.0,
84.03,8.99,3.88,0.94,0.0,0.0,0.84,0.45,21.9,11912.0,1.72,98.28,31.53,1996.0,
85.7,7.67,3.41,1.08,1.79,0.0,6.46,6.41,21.8,20091.0,19.77,80.23,8.8,2003.0,206100.0
84.03,8.99,3.88,0.94,3.14,0.0,7.4,1.94,21.0,30000.0,0.0,100.0,21.42,1999.0,
85.51,6.71,6.37,0.17,0.82,0.39,22.54,27.14,38.2,126188.0,87.94,12.06,0.0,1993.0,351000.0
81.79,9.04,7.8,0.26,0.0,0.0,7.54,16.12,22.4,21912.0,61.59,38.41,6.01,2003.0,232300.0
25.24,67.97,2.49,1.72,15.9,1.55,9.07,3.8,25.9,58173.0,66.54,33.46,22.44,2000.0,134000.0
24.11,59.92,1.71,11.31,21.94,2.28,8.46,5.37,26.0,43431.0,30.9,69.1,30.06,2001.0,130600.0
75.41,14.58,7.06,0.65,1.05,5.76,22.69,7.13,23.8,14400.0,13.92,86.08,14.67,1992.0,316700.0
91.85,3.31,3.95,0.38,4.24,1.36,23.17,25.38,50.7,225087.0,98.81,1.19,2.7,1994.0,668900.0
76.4,11.56,9.98,0.66,4.64,1.88,29.46,18.56,32.9,111111.0,96.98,3.02,1.97,2004.0,248400.0
24.58,72.55,0.0,0.0,25.07,3.67,0.0,0.0,35.8,53171.0,93.28,6.72,32.43,1976.0,91800.0
10.73,87.62,0.0,0.71,12.15,2.21,12.78,14.2,41.6,43836.0,86.39,13.61,15.78,1975.0,182000.0
0.64,98.89,0.0,0.0,11.61,2.54,6.2,2.54,31.1,26377.0,80.47,19.53,0.0,1975.0,101000.0
29.56,68.36,0.0,0.13,13.41,5.6,0.0,1.95,34.6,47266.0,57.93,42.07,21.7,1981.0,64800.0
21.33,77.09,0.86,0.72,37.46,0.0,7.93,0.0,36.7,33728.0,48.84,51.16,9.48,1975.0,111700.0
4.0,93.81,0.0,0.1,17.58,0.0,16.48,6.39,29.9,24198.0,70.77,29.23,15.89,1977.0,100300.0
22.48,74.74,0.1,0.1,28.23,0.0,9.65,1.85,38.2,28958.0,67.08,32.92,4.83,1971.0,94800.0
39.98,58.2,0.17,0.08,24.09,2.9,6.46,9.19,34.2,65682.0,78.67,21.33,18.87,1964.0,102900.0
3.53,94.3,0.0,0.81,22.9,0.72,13.03,1.45,35.5,28387.0,76.41,23.59,13.14,1974.0,87700.0
28.57,68.26,0.1,0.77,35.19,0.29,0.67,0.0,27.8,51420.0,64.05,35.95,12.44,1973.0,123300.0
17.35,78.93,0.61,2.03,28.97,1.28,6.21,1.35,29.6,35980.0,70.27,29.73,0.0,1979.0,96200.0
26.13,72.06,0.18,0.18,26.31,0.0,5.43,2.84,38.2,26750.0,52.41,47.59,9.67,1971.0,110600.0
25.23,73.74,0.0,0.09,22.43,4.49,1.03,3.27,31.8,50459.0,57.11,42.89,8.89,1968.0,134700.0
18.9,80.18,0.11,0.06,16.68,2.63,16.85,8.11,36.9,54405.0,96.23,3.77,6.62,1977.0,155600.0
11.48,86.61,0.13,0.13,28.7,0.0,7.4,4.72,29.6,51071.0,52.15,47.85,15.6,1976.0,127500.0
15.96,81.92,0.36,0.58,20.32,0.85,5.58,1.84,31.1,28732.0,54.12,45.88,13.63,1983.0,94200.0
75.95,21.97,0.56,0.17,30.21,5.21,7.74,4.93,38.4,70996.0,92.87,7.13,16.75,1987.0,137200.0
96.81,2.15,0.22,0.06,41.5,1.6,8.97,4.57,46.1,59688.0,88.61,11.39,1.72,1983.0,195000.0
80.75,17.19,0.68,0.34,32.62,4.02,8.0,1.18,37.9,58529.0,80.33,19.67,6.94,1984.0,171400.0
96.78,1.61,0.17,0.28,27.26,2.11,7.94,3.39,42.5,70804.0,95.22,4.78,0.0,1983.0,156500.0
94.93,1.27,0.36,0.6,30.9,2.41,12.91,3.8,41.7,78833.0,85.17,14.83,5.01,1981.0,175000.0
94.19,3.86,0.52,0.33,23.92,5.62,8.15,2.1,43.5,54258.0,95.67,4.33,12.98,1980.0,171200.0
93.27,3.71,0.48,0.55,30.61,0.62,8.17,1.92,46.6,73225.0,77.5,22.5,0.0,1982.0,208400.0
85.48,11.04,0.96,1.04,29.41,3.48,10.37,5.33,40.3,67159.0,77.22,22.78,8.19,1978.0,140500.0
78.0,20.36,0.82,0.1,22.36,4.36,20.15,9.28,46.3,86845.0,97.91,2.09,0.0,1981.0,245700.0
93.06,4.34,0.53,1.0,9.07,7.67,10.27,2.27,30.8,101681.0,95.68,4.32,0.0,1986.0,164500.0
87.33,8.59,1.4,0.59,31.35,8.96,13.69,6.07,38.4,52877.0,84.07,15.93,0.0,1982.0,171300.0
79.2,17.42,0.56,0.65,23.22,3.98,7.65,3.07,30.6,55300.0,56.91,43.09,8.51,1986.0,168600.0
92.75,6.66,0.06,0.0,28.24,4.28,11.41,5.53,42.1,81250.0,100.0,0.0,9.62,1987.0,225500.0
89.78,7.59,0.68,0.58,20.93,2.43,9.74,1.46,40.8,67891.0,88.28,11.72,0.0,1982.0,247100.0
94.69,3.71,0.42,0.08,27.3,3.2,18.53,12.3,45.0,91198.0,99.6,0.4,0.0,1978.0,147800.0
90.6,7.15,1.06,0.26,23.71,3.71,6.09,3.44,40.3,55323.0,92.01,7.99,4.8,1974.0,148700.0
24.46,70.88,0.36,2.03,9.07,5.13,7.88,0.0,28.1,45488.0,81.63,18.37,26.5,1973.0,117100.0
37.87,52.99,2.99,3.05,21.28,5.43,13.41,4.88,34.6,51063.0,68.3,31.7,11.87,1976.0,131600.0
63.96,27.68,0.87,5.91,31.07,0.0,9.15,5.91,36.4,45819.0,97.55,2.45,6.63,1966.0,132800.0
46.55,37.1,3.45,9.92,20.48,2.28,7.91,3.26,32.8,26905.0,49.74,50.26,0.0,1974.0,128100.0
22.26,59.36,10.96,5.38,16.0,0.34,23.14,6.88,28.9,76250.0,57.35,42.65,15.24,1979.0,177400.0
66.51,18.77,6.37,5.06,19.42,6.42,20.84,3.09,39.3,46034.0,84.07,15.93,0.0,1995.0,135000.0
60.78,30.86,4.39,2.56,11.96,2.72,13.73,7.26,37.6,71213.0,84.57,15.43,12.81,1985.0,165200.0
51.39,35.92,7.15,3.48,17.48,8.87,14.71,6.35,31.7,53690.0,80.9,19.1,18.44,1986.0,153700.0
61.37,25.88,7.2,2.9,7.2,3.67,21.08,14.94,31.9,98720.0,72.71,27.29,6.23,2002.0,301000.0
26.47,66.07,2.37,2.54,12.82,2.78,9.18,1.51,24.9,27103.0,33.02,66.98,0.0,1996.0,133400.0
64.53,28.87,3.4,1.61,16.7,3.26,25.1,7.99,35.4,76154.0,79.88,20.12,7.1,1984.0,176300.0
85.71,8.13,4.33,0.66,17.82,3.93,30.67,5.24,43.8,80333.0,90.71,9.29,0.0,1993.0,240500.0
77.12,17.64,2.39,1.25,10.96,4.64,22.67,8.43,34.2,73155.0,61.07,38.93,0.0,1985.0,188600.0
86.74,8.74,2.73,0.23,9.59,2.03,28.08,12.79,40.2,106835.0,97.37,2.63,5.0,1978.0,196700.0
92.5,3.8,2.44,0.32,11.48,2.03,27.16,4.34,48.5,123229.0,100.0,0.0,1.42,1987.0,351500.0
87.31,9.79,0.29,1.07,16.86,3.0,24.9,3.49,39.0,113661.0,100.0,0.0,0.0,1982.0,199700.0
78.89,13.84,3.99,0.67,13.09,3.28,16.92,18.79,34.1,77366.0,71.43,28.57,2.51,1984.0,173500.0
92.97,4.08,1.88,0.09,6.05,2.78,35.51,13.17,44.0,142688.0,100.0,0.0,0.0,1991.0,271700.0
74.44,15.19,2.66,4.11,21.26,3.5,8.5,8.64,32.2,41833.0,75.7,24.3,0.0,1985.0,145000.0
57.15,38.25,1.11,1.68,14.31,3.03,17.84,4.39,34.0,69238.0,79.2,20.8,5.82,1983.0,162400.0
66.8,26.86,2.98,0.99,11.1,1.99,17.36,8.16,29.9,75167.0,78.16,21.84,17.0,1992.0,163200.0
90.47,6.41,1.01,0.41,14.74,5.05,27.18,8.62,39.1,85223.0,95.21,4.79,3.05,1997.0,247700.0
82.56,11.38,3.29,0.84,15.91,1.4,21.95,7.44,35.4,69590.0,77.46,22.54,12.48,1998.0,190600.0
68.53,28.71,0.55,0.33,35.84,4.14,6.29,8.34,36.6,77958.0,89.36,10.64,0.0,1997.0,265100.0
45.76,51.44,0.13,0.4,33.33,9.69,16.23,1.94,40.4,46058.0,74.45,25.55,2.93,1975.0,103900.0
45.26,51.54,0.59,0.67,17.25,1.27,5.65,4.05,36.0,37206.0,53.02,46.98,10.01,1982.0,147200.0
26.96,71.25,0.21,0.21,13.21,0.85,5.39,0.0,32.2,28839.0,75.15,24.85,24.29,1985.0,12500.0
33.76,64.01,0.76,0.47,13.83,6.45,16.53,9.79,32.4,64050.0,61.91,38.09,5.94,2001.0,168300.0
64.38,33.17,0.42,0.21,22.98,2.71,18.74,8.76,44.0,92434.0,92.9,7.1,21.18,1988.0,295600.0
81.43,15.84,0.14,0.29,22.82,3.82,9.58,3.46,36.2,88384.0,98.36,1.64,0.0,1983.0,233700.0
75.11,22.79,0.74,0.57,21.72,3.85,14.88,1.64,34.3,65833.0,80.65,19.35,6.42,1970.0,159500.0
57.43,40.24,0.82,0.17,13.63,8.68,44.26,24.4,34.3,83542.0,88.37,11.63,10.87,2001.0,219500.0
68.47,28.72,1.12,0.46,6.93,0.86,5.58,3.53,36.0,51544.0,90.69,9.31,7.25,1993.0,176600.0
75.11,22.79,0.74,0.57,27.83,3.05,25.85,10.92,32.7,75938.0,89.8,10.2,3.44,1989.0,197000.0
76.99,21.61,0.14,0.07,27.41,4.83,13.92,9.44,40.5,88438.0,94.27,5.73,8.23,1989.0,197100.0
54.98,43.92,0.0,0.08,52.03,4.22,13.18,0.0,42.4,68583.0,97.19,2.81,12.54,1983.0,97300.0
57.68,40.11,0.05,0.95,25.79,0.79,2.95,3.16,37.9,55368.0,86.74,13.26,15.22,1983.0,86700.0
90.15,8.21,0.27,0.18,23.36,3.56,4.01,3.19,42.2,66346.0,69.41,30.59,4.64,1993.0,210800.0
86.76,6.25,4.66,0.8,3.8,0.0,11.83,10.72,22.8,16066.0,28.47,71.53,15.43,1984.0,453800.0
95.12,1.93,1.67,0.0,7.45,0.0,17.46,30.55,41.7,82321.0,90.67,9.33,3.68,1962.0,298200.0
83.19,8.71,5.75,1.06,4.47,2.12,16.88,20.36,31.2,55625.0,28.61,71.39,12.52,1983.0,237500.0
86.62,7.92,3.79,0.56,5.02,1.23,30.88,15.5,27.5,42885.0,67.48,32.52,0.0,1968.0,420700.0
93.84,1.86,1.86,1.72,0.0,6.45,28.08,14.76,34.8,47386.0,69.07,30.93,9.75,1981.0,364500.0
89.8,2.23,6.49,0.3,9.44,1.67,33.18,27.85,46.4,96337.0,91.69,8.31,4.34,1978.0,278600.0
84.64,4.88,6.96,0.9,11.92,2.71,16.26,8.85,47.7,65313.0,71.19,28.81,15.58,1976.0,222200.0
90.01,5.12,3.07,0.64,4.8,1.66,15.62,26.57,53.3,91172.0,94.75,5.25,1.83,1975.0,251000.0
93.32,3.92,1.91,0.21,19.41,2.33,40.93,31.71,44.3,100000.0,81.01,18.99,3.26,1976.0,225000.0
83.81,11.32,3.15,0.0,6.88,0.72,25.21,20.49,45.3,68507.0,85.13,14.87,7.61,1964.0,234400.0
17.17,81.55,0.57,0.0,10.16,0.0,10.73,4.15,29.4,61071.0,54.23,45.77,34.15,1962.0,63000.0
75.26,20.34,0.96,0.96,8.5,3.63,21.11,19.1,37.6,27101.0,7.34,92.66,5.71,1956.0,221600.0
1.67,97.58,0.5,0.0,18.45,3.01,0.42,1.59,30.9,23375.0,65.39,34.61,11.19,1955.0,75200.0
2.27,95.68,0.22,0.65,25.95,3.78,4.86,1.08,34.8,25300.0,61.61,38.39,15.58,1952.0,59800.0
39.28,57.59,0.0,0.59,19.49,1.18,13.81,5.88,30.5,38359.0,45.77,54.23,19.74,1942.0,136300.0
3.0,95.09,0.68,0.41,16.23,3.96,8.87,5.18,35.6,33882.0,50.08,49.92,15.67,1957.0,85600.0
30.85,66.44,0.58,0.39,14.89,0.77,14.41,16.25,33.2,42500.0,46.93,53.07,21.23,1942.0,65700.0
17.11,80.06,1.83,0.08,18.95,4.43,2.6,4.13,36.1,19265.0,33.67,66.33,40.77,1950.0,100900.0
